{"stats":{"minecraft:used":{"minecraft:redstone_torch":181,"minecraft:sticky_piston":3,"minecraft:glass":96,"minecraft:lever":97,"minecraft:redstone":2259,"minecraft:oak_sign":56,"minecraft:stone":1619,"minecraft:redstone_lamp":164,"minecraft:glowstone":3,"minecraft:repeater":285,"minecraft:target":33,"minecraft:comparator":33,"minecraft:andesite":217},"minecraft:dropped":{"minecraft:redstone_lamp":2,"minecraft:stone":10,"minecraft:lever":2,"minecraft:repeater":12,"minecraft:andesite":3,"minecraft:glowstone":1,"minecraft:redstone_torch":8,"minecraft:comparator":1,"minecraft:oak_sign":11,"minecraft:redstone":66,"minecraft:target":1},"minecraft:custom":{"minecraft:time_since_rest":569333,"minecraft:sprint_one_cm":6499,"minecraft:walk_one_cm":1068008,"minecraft:drop":68,"minecraft:damage_dealt":20,"minecraft:fly_one_cm":2291589,"minecraft:crouch_one_cm":1877,"minecraft:play_time":589158,"minecraft:deaths":3,"minecraft:sneak_time":1427,"minecraft:jump":1885,"minecraft:leave_game":14,"minecraft:time_since_death":569272,"minecraft:total_world_time":604619},"minecraft:picked_up":{"minecraft:stone":10,"minecraft:repeater":21,"minecraft:andesite":4,"minecraft:redstone_lamp":4,"minecraft:lead":1,"minecraft:target":1,"minecraft:redstone":131,"minecraft:oak_sign":15,"minecraft:arrow":1,"minecraft:rotten_flesh":1,"minecraft:slime_ball":4,"minecraft:lever":22,"minecraft:comparator":3,"minecraft:glowstone":1,"minecraft:redstone_torch":67}},"DataVersion":3105}